Sent to kartikmahamuni2023@gmail.com (Kartik)
Sent to kartikmahamuni2023@gmail.com (Kartik)
Sent to kartikmahamuni2023@gmail.com (Kartik)
Sent to kartikmahamuni2023@gmail.com (Kartik)
Sent to kartikmahamuni2023@gmail.com (Kartik)
Sent to mahalpureyash1977@gmail.com (Yash Mahalpure)
Sent to virajkudar@gmail.com (Viraj Kudar)
Sent to shreyashkate3005@gmail.com (Shreyash Kate)
Sent to sales@angularminds.com (Angular Minds)
Sent to sales@britwise.com (Britwise)
Sent to 20info@codeplateau.com (CodePlateau)
Sent to hello@thinkitive.com (Thinkitive)
Sent to sales@appristine.com (Appristine)
Sent to info@talentica.com (Talentica Software)
Sent to info@midbrains.in (MidBrains Technologies)
Sent to connect@mobiloitte.com (Mobiloitte)
Sent to info@staqwise.com (Staqwise)
Sent to info@softflame.in (Softflame Solutions)
Sent to contact@fullstackjavadeveloper.in (Full Stack Java Developer)
Sent to support@sevenmentor.com (SevenMentor)
Sent to info@developerguru.in (Developer Guru)
Sent to info@ecti.co.in (ECTI (Education & Career Times Institute))
Sent to hr@synkrama.com (Synkrama Technologies)
Sent to info@jirehsol.com (Jireh Software Solutions)
Sent to hr@nextbraintech.com (Nextbrain Technologies Pvt Ltd)
Sent to info@techasoft.com (Techasoft Pvt. Ltd.)
Sent to hello@inkoop.io (Inkoop)
Sent to hello@dxminds.com (DxMinds)
Sent to info@zinavo.com (Zinavo Private Limited)
Sent to contact@cybotrix.com (Cybotrix Technologies)
Sent to contact@walkinsoftwares.com (WAKINSOFTWARES BHARAT PVT LTD)
Sent to info@corseltechnologies.com (Corsel Technologies)
Sent to hr@renderinfotech.com (Render Infotech)
Sent to info@igeekstechnologies.com (Igeeks Technologies)
Sent to info@achieversit.com (AchieversIT)
Sent to mdsadiq6692@gmail.com (JSFactory)
Sent to info@atas.in (Alpha Tech Academy)

